"DESCRIPTION","DURATION IN MS","NAME","PARENT SUITE","START TIME","STATUS","STOP TIME","SUB SUITE","SUITE","TEST CLASS","TEST METHOD"
"","214","Ошибка при создании пользователя без заполнения обязательного поля","tests","2026-09-30","passed","2026-09-30","TestCreateUser","test_create_user","",""
"","231","Ошибка при создании заказа с неверным хешем ингредиентов","tests","2026-09-30","passed","2026-09-30","TestCreateOrder","test_create_order","",""
"","203","Ошибка входа с неверным логином и паролем","tests","2026-09-30","passed","2026-09-30","TestLoginUser","test_login_user","",""
"","4194","Создание заказа с авторизацией и ингредиентами","tests","2026-09-30","passed","2026-09-30","TestCreateOrder","test_create_order","",""
"","230","Ошибка при создании заказа без ингредиентов","tests","2026-09-30","passed","2026-09-30","TestCreateOrder","test_create_order","",""
"","1","Успешное создание уникального пользователя","tests","2026-09-30","passed","2026-09-30","TestCreateUser","test_create_user","",""
"","432","Создание заказа без авторизации","tests","2026-09-30","passed","2026-09-30","TestCreateOrder","test_create_order","",""
"","213","Ошибка при создании пользователя без заполнения обязательного поля","tests","2026-09-30","passed","2026-09-30","TestCreateUser","test_create_user","",""
"","218","Ошибка при создании пользователя без заполнения обязательного поля","tests","2026-09-30","passed","2026-09-30","TestCreateUser","test_create_user","",""
"","233","Ошибка при создании уже зарегистрированного пользователя","tests","2026-09-30","passed","2026-09-30","TestCreateUser","test_create_user","",""
"","300","Успешный вход под существующим пользователем","tests","2026-09-30","passed","2026-09-30","TestLoginUser","test_login_user","",""
